companyName,ticker,isin,country,bics_sector,bics_industry,bics_sub_industry,bics_activity,market_cap_eur_bn,index_weight_pct,reporting_year,scope1_emissions_tco2e,scope2_emissions_market_tco2e,scope2_emissions_location_tco2e,scope3_emissions_tco2e,scope3_categories_reported,total_energy_consumption_gwh,renewable_energy_pct,energy_intensity_mwh_per_eur_m_revenue,water_withdrawal_m3,water_consumption_m3,water_stress_area_pct,waste_generated_tonnes,waste_recycled_pct,hazardous_waste_tonnes,employees_total,women_in_workforce_pct,gender_pay_gap_pct,employee_turnover_pct,training_hours_per_employee,work_related_injury_rate,fatalities,supplier_esg_audits_pct,community_investment_eur_m,carbon_intensity_tco2e_per_eur_m_revenue,sbti_status,net_zero_target_year,reporting_year_gov,board_size,board_independence_pct,women_on_board_pct,ceo_chair_separation,ceo_tenure_years,audit_committee_independence_pct,remuneration_committee_independence_pct,ceo_pay_ratio,executive_pay_esg_linked_pct,say_on_pay_approval_pct,shareholder_rights_score_0_100,anti_corruption_policy,whistleblower_policy,data_privacy_policy,lobbying_disclosure,political_donations_eur_k,tax_transparency_report,esg_committee_at_board_level,external_esg_assurance,assurance_provider,ungc_signatory,controversies_score_0_10,reporting_year_tax,taxonomy_eligible_turnover_pct,taxonomy_aligned_turnover_pct,taxonomy_eligible_capex_pct,taxonomy_aligned_capex_pct,taxonomy_eligible_opex_pct,taxonomy_aligned_opex_pct,climate_mitigation_eligible,climate_adaptation_eligible,water_protection_eligible,circular_economy_eligible,pollution_prevention_eligible,biodiversity_eligible,dnsh_climate_mitigation,dnsh_climate_adaptation,dnsh_water,dnsh_circular_economy,dnsh_pollution,dnsh_biodiversity,minimum_social_safeguards,green_revenue_proxy_pct,fossil_fuel_revenue_pct,taxonomy_disclosure_quality,data_vintage
ASML Holding,ASML.AS,NL0010273215,Netherlands,Technology,Semiconductors,Semiconductor Equipment,Lithography Equipment,134.2,0.401,2023,3720548,324016,340380,,14,34890.6,23.3,161.9,10050809.0,5755735.0,50.6,48676,69.6,1948,210606,45.5,9.2,9.1,16.0,0.81,0,12.6,135.8,1175.3,Approved,2040.0,2023,16,52.3,33.9,1,11,83.0,89.9,70.0,5.8,78.3,82.0,1,1,0,1.0,50,0,1,Limited,PwC,0,0.1,2023,21.1,3.1,17.5,,19.4,2.3,1,0,1,0,0,0,Met,,Met,Met,,,Met,23.6,0.6,Partial,2026-05-06
SAP SE,SAP.DE,DE0007164600,Germany,Technology,Software,Enterprise Software,ERP Systems,333.0,0.766,2023,3572922,217580,203089,,5,35869.6,58.7,42.3,3992093.0,1800562.0,40.7,29738,77.0,1363,295822,54.7,5.3,11.6,12.3,1.57,0,83.7,177.6,775.8,Committed,2050.0,2023,14,80.4,37.9,1,8,93.8,70.1,264.0,29.0,92.1,94.0,1,1,1,1.0,0,1,1,Limited,KPMG,0,3.2,2023,20.7,1.3,19.0,4.6,20.0,1.2,0,1,0,1,1,0,,Met,,Met,,Met,Met,19.2,1.4,Minimal,2026-05-06
Capgemini,CAP.PA,FR0000125338,France,Technology,IT Services,Consulting,Digital Transformation,257.5,0.254,2023,931042,173135,209642,,8,34464.0,54.5,143.5,111728.0,57373.0,33.3,128910,42.2,7524,79218,53.0,5.5,15.1,29.2,1.15,0,59.3,217.9,643.0,Committed,,2023,17,70.9,30.1,0,2,81.7,75.4,54.0,7.6,77.6,50.0,1,0,1,0.0,50,0,1,Limited,Deloitte,0,6.7,2023,24.8,3.4,23.7,0.6,23.6,2.6,0,0,1,0,0,0,Met,,,,,,Met,30.8,1.2,Full,2026-05-06
Amadeus IT Group,AMS.MC,ES0109067019,Spain,Technology,Software,Travel Technology,GDS Platforms,211.5,1.206,2023,1684209,91955,103299,7475167.0,4,13670.2,33.7,230.1,11787799.0,6427096.0,29.7,82493,73.4,7654,66230,41.1,7.4,11.1,11.8,4.19,0,73.7,178.8,509.8,Targets Set,2045.0,2023,16,70.5,27.2,0,6,88.5,70.9,88.0,13.5,80.4,63.0,1,1,1,0.0,0,1,1,Limited,EY,1,3.6,2023,18.2,1.1,27.8,7.9,15.6,0.9,1,0,1,0,0,0,Met,Met,,,Met,,Met,22.7,1.2,Full,2026-05-06
Hexagon AB,HEXA-B.ST,SE0015961909,Sweden,Technology,Industrial Software,Measurement Technology,Geospatial Solutions,58.8,1.422,2023,2087193,282396,302076,15369161.0,5,38878.3,14.1,149.8,12031530.0,7921161.0,25.9,64816,27.2,2669,248756,33.7,16.1,12.9,57.9,0.57,0,48.5,200.6,624.5,Approved,,2023,14,62.6,48.5,1,13,93.2,75.0,68.0,12.3,78.5,88.0,1,1,1,0.0,0,1,0,Limited,Deloitte,1,4.7,2023,10.6,,23.9,,11.2,,1,1,0,0,0,0,Met,,,Met,Not Met,,Met,10.1,1.4,Full,2026-05-06
Siemens AG,SIE.DE,DE0007236101,Germany,Industrials,Electrical Equipment,Automation,Industrial Automation,58.8,1.023,2023,8006251,492591,621917,51384807.0,7,6865.0,58.7,80.1,30517260.0,19174340.0,60.8,507652,75.0,20928,339199,50.8,12.9,14.1,51.3,3.18,2,19.4,85.5,2107.5,Targets Set,,2023,19,67.6,33.0,1,5,77.7,75.4,93.0,37.9,68.2,55.0,1,1,1,1.0,0,1,1,Limited,Deloitte,1,2.2,2023,42.9,1.5,46.8,5.2,43.0,1.5,0,1,0,0,0,0,,Met,,,Met,Not Met,Met,39.3,1.2,Full,2026-05-06
ABB Ltd,ABBN.SW,CH0012221716,Switzerland,Industrials,Electrical Equipment,Power & Automation,Robotics,25.0,2.918,2023,918512,457376,431982,12766573.0,11,39090.3,46.6,105.3,,,54.8,494558,28.3,37772,165552,41.9,8.8,10.8,50.0,0.93,1,20.0,203.9,841.1,Targets Set,2050.0,2023,8,62.9,30.3,0,12,92.1,81.6,211.0,38.7,80.0,46.0,1,0,1,1.0,250,1,1,Limited,Deloitte,0,5.4,2023,48.3,11.8,54.3,,50.8,9.0,1,1,0,1,1,0,,,,,,,Met,48.6,0.9,Partial,2026-05-06
Schneider Electric,SU.PA,FR0000121972,France,Industrials,Electrical Equipment,Energy Management,Smart Buildings,303.8,1.313,2023,15771842,399416,438179,,4,122097.5,66.8,374.0,,,62.9,730934,45.8,37058,337402,30.3,-2.7,9.4,41.5,3.98,0,64.8,20.9,4238.4,Committed,2045.0,2023,19,69.3,45.7,1,2,77.3,82.1,89.0,7.3,71.7,91.0,1,1,1,1.0,0,1,1,Limited,PwC,1,5.4,2023,48.0,12.2,59.8,,50.8,10.4,1,1,0,1,0,0,,,,Met,,Not Met,,44.2,0.6,Partial,2026-05-06
Airbus SE,AIR.PA,NL0000235190,Netherlands,Industrials,Aerospace & Defense,Commercial Aircraft,Commercial Aviation,212.4,1.055,2023,5947752,1017572,920436,63060187.0,12,86188.2,46.6,173.0,4605460.0,2958133.0,12.5,836949,71.8,25288,42986,61.0,-2.7,16.1,20.8,4.33,0,44.4,223.8,1295.6,Committed,2045.0,2023,15,73.3,43.5,0,11,99.1,96.2,109.0,0.9,71.3,88.0,1,1,1,0.0,0,1,1,,Bureau Veritas,1,3.6,2023,45.2,,40.5,,46.3,,0,1,0,0,1,0,,,,Met,,Met,Met,51.4,1.5,Partial,2026-05-06
Rolls-Royce Holdings,RR.L,GB00B63H8491,UK,Industrials,Aerospace & Defense,Engines,Aerospace Engines,249.3,1.945,2023,5200403,311445,338685,18145775.0,10,94952.0,73.2,297.8,33910462.0,16781973.0,48.9,26422,29.7,1340,158232,52.6,-4.9,9.3,35.9,2.15,2,26.0,137.4,3974.1,Approved,,2023,11,75.3,44.0,0,10,87.2,85.3,279.0,28.8,68.2,88.0,1,1,1,0.0,0,1,0,Limited,PwC,1,6.8,2023,49.5,12.1,54.8,15.6,46.1,10.0,1,0,0,0,1,0,Met,Met,Met,,Met,Met,Met,60.0,0.5,Full,2026-05-06
Vestas Wind Systems,VWS.CO,DK0061539921,Denmark,Industrials,Industrial Equipment,Renewable Energy Equipment,Wind Turbines,12.1,0.579,2023,8242280,374769,345732,,4,28724.3,49.2,407.7,34577793.0,15238883.0,61.3,392868,34.9,8909,104358,52.3,24.0,9.9,39.9,3.97,0,49.3,204.5,5253.4,Approved,2040.0,2023,10,69.0,31.9,1,1,78.8,91.7,145.0,16.7,77.1,53.0,1,1,1,0.0,250,0,0,Limited,PwC,0,0.9,2023,37.4,,33.6,7.4,36.8,,1,0,1,1,1,1,Not Met,Met,Met,Met,Met,Met,Met,42.5,1.4,Partial,2026-05-06
Legrand SA,LR.PA,FR0010307819,France,Industrials,Electrical Equipment,Wiring Devices,Building Infrastructure,339.6,2.827,2023,14994007,233833,221563,106349436.0,13,19042.3,49.9,555.4,46242212.0,21324303.0,15.9,878566,66.9,22733,330073,57.9,-4.8,17.9,36.3,0.12,2,15.1,113.6,3078.0,Committed,2050.0,2023,14,77.5,32.0,1,8,83.6,73.1,,3.6,90.8,65.0,0,1,1,0.0,100,0,1,Limited,,1,0.1,2023,34.6,,59.0,,29.3,,1,0,1,0,0,0,Met,Met,Met,,,,Met,41.9,0.5,Partial,2026-05-06
Novartis AG,NOVN.SW,CH0012005267,Switzerland,Healthcare,Pharmaceuticals,Innovative Medicines,Oncology,292.2,0.353,2023,1680509,424566,402068,21521718.0,7,35710.8,75.1,41.1,10611826.0,5288755.0,9.0,99774,66.8,5473,76506,46.2,-1.9,3.0,23.0,3.71,2,56.6,161.3,1278.5,Approved,,2023,19,51.4,31.6,1,2,85.3,76.8,148.0,27.4,74.4,68.0,1,1,1,0.0,0,1,0,Reasonable,,1,5.4,2023,15.6,2.4,10.3,2.5,15.6,1.7,1,1,0,0,1,0,Met,,,,Not Met,,,15.6,1.3,Partial,2026-05-06
Roche Holding,ROG.SW,CH0012032048,Switzerland,Healthcare,Pharmaceuticals,Diagnostics & Pharma,Personalised Medicine,78.3,3.455,2023,632134,574876,666675,8726620.0,9,40665.3,37.3,641.5,6807035.0,3160319.0,49.5,142287,61.7,6788,37911,57.6,4.4,5.8,35.8,1.11,0,31.5,132.1,145.5,Not Committed,2050.0,2023,10,54.5,30.2,1,7,94.0,91.1,,,75.6,78.0,1,0,1,1.0,50,1,0,Limited,Deloitte,1,5.7,2023,13.2,0.2,15.8,4.1,11.3,0.2,0,1,1,0,1,0,Not Met,,Not Met,,,Not Met,Met,11.6,1.5,Partial,2026-05-06
AstraZeneca,AZN.L,GB0009895292,UK,Healthcare,Pharmaceuticals,Biopharmaceuticals,Oncology & Cardiovascular,67.7,2.726,2023,4657078,574809,688861,63546002.0,10,50000.1,15.7,506.0,12854952.0,6101305.0,39.5,37319,65.1,3446,209111,44.9,19.2,8.8,34.6,4.1,1,73.8,183.2,1715.2,Approved,2040.0,2023,15,81.8,44.7,0,9,93.6,71.6,201.0,,86.9,66.0,1,1,1,0.0,50,1,1,Limited,PwC,1,0.8,2023,7.7,1.5,13.6,,7.8,1.1,1,0,1,0,1,0,,,Not Met,Met,,,Met,9.0,0.4,Partial,2026-05-06
Novo Nordisk,NOVO-B.CO,DK0060534915,Denmark,Healthcare,Pharmaceuticals,Diabetes Care,GLP-1 Therapies,68.3,0.776,2023,1067959,575724,652495,10975573.0,3,984.9,7.3,74.6,2065372.0,1061680.0,55.5,266747,55.3,11368,87458,27.7,23.9,17.0,59.8,0.1,0,34.8,21.3,662.3,Targets Set,2040.0,2023,13,59.5,50.4,1,9,90.3,84.6,193.0,9.1,71.7,47.0,1,1,1,1.0,250,1,0,Reasonable,Deloitte,1,1.9,2023,18.0,,11.9,,15.6,,0,1,0,1,1,0,Met,Met,,,,Not Met,Not Met,17.6,0.1,Full,2026-05-06
Sanofi,SAN.PA,FR0000120578,France,Healthcare,Pharmaceuticals,Specialty Care,Vaccines & Immunology,110.0,0.119,2023,72192,108288,139136,691946.0,8,44404.5,65.4,700.1,,,13.4,92811,36.4,5778,15175,41.2,18.7,4.1,54.9,2.55,1,46.4,16.0,16.3,Targets Set,,2023,12,46.0,46.7,0,8,77.6,88.0,207.0,16.2,95.5,56.0,1,1,1,1.0,0,1,1,,,1,0.1,2023,18.1,5.0,10.6,1.8,15.1,4.2,1,0,0,1,0,0,Met,Met,,Not Met,Met,,Met,20.6,0.3,Full,2026-05-06
Lonza Group,LONN.SW,CH0013841017,Switzerland,Healthcare,Life Sciences,CDMO,Biologics Manufacturing,186.0,2.873,2023,4569460,156721,164549,31551191.0,3,47876.9,54.6,737.5,13006673.0,9868243.0,52.7,340292,42.5,22767,319915,44.9,15.7,3.1,33.2,3.43,0,10.9,62.5,1825.0,Targets Set,2040.0,2023,11,51.9,48.8,1,11,78.8,88.1,76.0,21.7,82.7,72.0,1,1,1,1.0,50,1,1,,Bureau Veritas,1,2.1,2023,17.5,0.1,19.3,,14.9,0.1,1,0,0,0,0,0,Met,Met,,Met,Met,,,16.4,1.2,Minimal,2026-05-06
TotalEnergies SE,TTE.PA,FR0014000MR3,France,Energy,Integrated Oil & Gas,Upstream & Downstream,LNG & Renewables,154.0,2.503,2023,42224180,3664803,3717154,174136623.0,4,237867.3,61.3,58.3,53334393.0,23045444.0,17.1,1006199,31.8,11248,124300,53.8,10.6,3.8,41.1,1.24,0,15.8,40.7,14990.8,Not Committed,,2023,15,55.1,37.1,0,14,77.3,70.7,50.0,31.7,80.2,74.0,1,1,1,1.0,0,1,0,Limited,EY,0,5.4,2023,31.0,,31.2,,24.8,,1,0,0,0,0,0,Met,,Met,Met,Met,,Met,26.1,6.8,Minimal,2026-05-06
Shell plc,SHEL.L,GB00BP6MXD84,UK,Energy,Integrated Oil & Gas,Global Energy,Transition Energy,105.5,2.579,2023,62283471,2554667,3186793,853567482.0,3,405404.2,22.0,228.7,159044336.0,96985961.0,14.8,2030443,79.0,141559,89925,29.3,-2.4,4.3,47.4,0.95,0,41.4,218.1,29426.9,Committed,2045.0,2023,15,88.1,44.6,1,12,89.4,79.7,103.0,22.0,84.0,70.0,1,1,1,1.0,100,0,1,Limited,Deloitte,1,3.6,2023,32.4,,44.0,,32.9,,1,1,0,0,0,0,,,,Met,Met,Not Met,Met,42.0,0.4,Partial,2026-05-06
Equinor ASA,EQNR.OL,NO0010096985,Norway,Energy,Integrated Oil & Gas,Offshore Operator,Norwegian Continental Shelf,216.1,2.722,2023,37091087,3184592,3150957,198174557.0,13,463479.5,15.9,646.9,56442164.0,31842340.0,14.9,136291,57.9,3547,247446,30.6,23.7,3.6,11.7,0.47,0,48.4,55.6,11707.0,Committed,,2023,19,70.8,35.6,1,10,96.9,89.1,171.0,24.5,70.6,92.0,1,1,1,1.0,0,1,0,Limited,Bureau Veritas,0,2.4,2023,21.4,2.1,35.0,3.5,21.8,1.9,1,0,1,0,1,0,Not Met,,Met,,Not Met,,Met,18.8,5.9,Full,2026-05-06
Orsted AS,ORSTED.CO,DK0060094928,Denmark,Utilities,Renewable Energy,Offshore Wind,Offshore Wind Development,53.1,0.352,2023,31089029,889630,1143432,444122417.0,7,458023.9,6.2,601.1,137255199.0,108836709.0,53.9,1129371,46.1,108980,69358,35.5,17.8,10.2,54.7,1.54,1,58.0,244.0,25155.8,Targets Set,2050.0,2023,8,87.0,40.8,1,9,85.8,74.5,55.0,9.0,85.9,65.0,1,0,1,1.0,100,1,0,Limited,EY,0,2.6,2023,56.1,,95.4,19.2,53.5,,1,1,1,0,0,0,Not Met,Met,Met,Not Met,,Met,Met,72.6,0.7,Partial,2026-05-06
Iberdrola SA,IBE.MC,ES0144580Y14,Spain,Utilities,Electric Utilities,Regulated Networks,Renewables & Networks,105.8,1.319,2023,1037281,4459370,4035114,,12,464094.3,33.0,155.8,144553911.0,64299829.0,44.9,2563438,50.0,59932,50057,35.7,14.2,11.7,53.0,2.56,1,33.3,84.9,459.0,Not Committed,,2023,16,70.9,39.4,1,2,79.0,90.9,,33.9,77.3,72.0,1,1,1,1.0,250,1,1,Limited,KPMG,1,0.0,2023,67.6,,76.0,2.3,57.4,,1,0,0,0,0,1,,,Met,Met,,,,87.1,1.0,Partial,2026-05-06
RWE AG,RWE.DE,DE0007037129,Germany,Utilities,Electric Utilities,Conventional & Renewables,Offshore Wind & Gas,131.4,0.494,2023,14345212,1877984,2418752,,11,154171.8,52.2,175.4,,,36.4,1683700,81.6,79666,271294,54.3,17.8,7.1,32.9,0.61,2,65.6,46.3,2950.3,Committed,,2023,12,66.6,30.3,1,6,89.0,92.4,125.0,,95.5,70.0,1,1,1,,0,1,0,Limited,Deloitte,1,2.1,2023,60.6,,76.5,1.5,50.0,,1,0,0,0,1,1,Met,,Met,,Met,Met,,72.5,1.9,Minimal,2026-05-06
Enel SpA,ENEL.MI,IT0003128367,Italy,Utilities,Electric Utilities,Integrated Utility,Renewable Generation,162.3,3.035,2023,44954583,3355534,3077910,442386095.0,8,49353.2,36.4,302.7,,,26.5,2970460,30.0,52522,269569,35.0,16.7,9.0,29.6,1.76,2,78.8,197.6,27055.0,Not Committed,2040.0,2023,11,59.1,36.6,0,4,95.3,99.5,239.0,5.6,70.7,77.0,1,1,1,,0,1,1,,Deloitte,1,4.5,2023,65.4,,96.4,,52.7,,0,1,0,0,1,0,Not Met,Met,Not Met,Met,Met,,Met,73.9,0.7,Full,2026-05-06
BNP Paribas,BNP.PA,FR0000131104,France,Financial Services,Banks,Diversified Banking,Corporate & Investment Bank,275.9,2.219,2023,465467,167407,210340,,13,23756.4,40.0,392.8,6976217.0,5205673.0,57.6,141092,58.1,14070,257726,50.3,14.1,4.4,23.6,0.14,2,72.4,165.0,134.7,Approved,2040.0,2023,13,72.3,53.9,1,14,93.5,76.3,182.0,,82.2,65.0,1,1,1,1.0,0,1,1,Limited,KPMG,0,6.8,2023,25.1,6.2,31.5,,21.3,5.6,1,1,1,0,1,1,Met,,,,Met,,Met,27.3,0.9,Full,2026-05-06
HSBC Holdings,HSBA.L,GB0005405286,UK,Financial Services,Banks,Global Banking,Retail & Commercial,73.9,1.225,2023,1163182,96210,106897,14786758.0,13,25961.6,77.3,498.4,8673382.0,6304064.0,28.5,182822,52.9,10091,281176,44.8,24.4,8.0,33.8,3.7,0,13.2,125.1,592.4,Committed,2040.0,2023,13,51.3,32.5,1,4,97.0,94.8,239.0,8.6,85.3,79.0,0,1,1,1.0,100,1,1,Limited,KPMG,1,5.9,2023,24.9,,23.8,,26.6,,0,1,0,1,1,0,,,Met,Met,Met,,,30.7,0.0,Partial,2026-05-06
ING Groep,INGA.AS,NL0011821202,Netherlands,Financial Services,Banks,Retail Banking,Digital Banking,182.4,0.316,2023,1646069,162080,210248,20706794.0,3,20868.9,32.9,301.4,7025629.0,3535023.0,54.0,159567,59.7,10146,5198,47.9,22.1,10.8,12.2,0.67,1,48.4,139.3,413.5,Not Committed,2040.0,2023,9,85.4,29.0,1,5,81.9,85.6,139.0,3.9,66.1,78.0,1,1,1,0.0,50,1,0,Limited,Deloitte,1,0.2,2023,21.7,,39.8,7.2,18.9,,1,0,0,0,0,0,,,,,,Met,,20.5,0.2,Partial,2026-05-06
UniCredit SpA,UCG.MI,IT0005239360,Italy,Financial Services,Banks,Pan-European Banking,Corporate Banking,209.4,1.157,2023,2850217,110277,102505,,3,3188.6,46.1,375.4,,,31.3,9117,21.2,146,187466,58.5,14.4,14.0,52.6,1.35,0,18.4,180.1,2617.4,Targets Set,2050.0,2023,15,82.3,37.6,1,12,79.8,81.2,,,77.4,85.0,1,1,0,0.0,0,0,1,Limited,KPMG,1,6.3,2023,16.9,,50.3,,15.3,,1,1,0,1,0,0,,,,,Met,,Met,17.5,0.5,Full,2026-05-06
AXA SA,CS.PA,FR0000120628,France,Financial Services,Insurance,Multi-line Insurance,Life & P&C,21.0,1.206,2023,1500602,175110,196393,9661619.0,4,18988.5,67.7,600.5,,,27.6,9395,76.7,728,170292,41.2,15.8,3.1,11.8,0.18,0,29.4,57.9,308.5,Approved,,2023,14,59.3,48.7,1,3,97.0,73.7,125.0,18.4,89.9,91.0,1,1,1,0.0,0,0,1,Limited,PwC,1,5.5,2023,17.3,3.8,39.5,,14.4,2.9,1,0,0,0,1,0,Met,Met,Met,,Not Met,Met,Met,19.2,0.1,Full,2026-05-06
Allianz SE,ALV.DE,DE0008404005,Germany,Financial Services,Insurance,Multi-line Insurance,Asset Management,214.6,2.581,2023,2635870,117308,151060,11926590.0,11,16807.3,36.7,39.0,7704536.0,5945979.0,32.8,44733,80.6,1292,147931,55.8,-3.5,10.0,26.5,2.0,2,88.9,249.1,1036.9,Committed,2045.0,2023,8,87.9,42.5,0,14,91.4,92.1,236.0,30.0,92.9,62.0,1,1,1,0.0,250,1,0,Limited,EY,1,5.5,2023,15.4,1.4,40.5,7.4,13.3,1.0,1,1,0,0,1,0,,Met,,Met,Met,,Met,15.5,1.3,Partial,2026-05-06
Zurich Insurance,ZURN.SW,CH0011075394,Switzerland,Financial Services,Insurance,General Insurance,Commercial Lines,63.8,2.268,2023,2000792,30238,33541,7243228.0,5,17097.1,54.8,209.4,5415539.0,3372284.0,23.1,128211,56.7,11645,165491,41.9,15.1,7.5,56.6,3.8,0,21.4,243.7,1280.7,Not Committed,2050.0,2023,12,82.1,45.4,0,1,82.8,77.1,224.0,11.6,75.6,55.0,1,1,1,1.0,250,1,0,Reasonable,EY,1,3.2,2023,22.8,,37.7,10.7,21.8,,1,0,0,0,0,0,Met,,Met,Met,,Met,,23.1,0.9,Minimal,2026-05-06
Unilever plc,ULVR.L,GB00B10RZP78,UK,Consumer Staples,Food & Beverage,Personal Care & Foods,FMCG,27.4,3.117,2023,8733639,1171312,1349070,80311087.0,3,39262.6,74.0,573.5,29834843.0,18755527.0,49.9,208593,65.3,5937,263910,39.2,-3.7,15.8,46.8,1.83,0,49.9,162.9,10513.1,Not Committed,2050.0,2023,19,75.0,30.7,0,8,93.6,81.1,,31.5,92.2,67.0,1,0,1,0.0,0,1,0,Limited,EY,0,2.8,2023,6.6,,24.9,6.6,6.5,,0,0,0,0,1,0,Met,Met,,,,Not Met,Met,6.4,1.1,Minimal,2026-05-06
Nestle SA,NESN.SW,CH0012221716,Switzerland,Consumer Staples,Food & Beverage,Packaged Foods,Nutrition & Wellness,332.4,1.706,2023,918512,457376,431982,12766573.0,11,39090.3,46.6,105.3,,,54.8,494558,28.3,37772,165552,41.9,8.8,10.8,50.0,0.93,1,20.0,203.9,841.1,Targets Set,2050.0,2023,8,62.9,30.3,0,12,92.1,81.6,211.0,38.7,80.0,46.0,1,0,1,1.0,250,1,1,Limited,Deloitte,0,5.4,2023,48.3,11.8,54.3,,50.8,9.0,1,1,0,1,1,0,,,,,,,Met,48.6,0.9,Partial,2026-05-06
Danone SA,BN.PA,FR0000120644,France,Consumer Staples,Food & Beverage,Dairy & Plant-Based,Specialised Nutrition,338.1,0.507,2023,4951764,217874,235700,24150964.0,9,30591.5,16.8,414.2,20629808.0,14601720.0,18.9,538087,66.0,7151,90955,32.4,25.0,11.8,22.6,3.42,0,66.2,170.4,1744.2,Not Committed,2045.0,2023,11,66.5,34.7,1,3,90.4,94.0,247.0,14.2,94.1,66.0,1,1,1,1.0,0,1,1,Limited,KPMG,1,0.5,2023,5.2,0.5,14.7,1.8,4.3,0.4,1,0,0,1,0,1,Met,,Met,Met,Not Met,Not Met,,6.4,0.6,Partial,2026-05-06
Heineken NV,HEIA.AS,NL0000009165,Netherlands,Consumer Staples,Food & Beverage,Beverages,Beer,283.9,2.525,2023,7947854,344561,396598,,8,88744.2,79.1,430.4,,,59.0,461703,29.9,24233,219586,28.6,11.7,7.2,10.3,3.57,1,54.8,19.0,3941.4,Targets Set,2040.0,2023,9,67.8,50.0,1,10,92.2,93.0,203.0,39.1,69.0,61.0,1,1,1,0.0,0,1,1,Reasonable,Bureau Veritas,1,1.6,2023,17.6,,19.3,0.6,16.1,,1,1,0,0,1,0,Not Met,,Met,Met,,Met,Met,15.9,1.3,Full,2026-05-06
Carlsberg AS,CARL-B.CO,DK0010181759,Denmark,Consumer Staples,Food & Beverage,Beverages,Beer,110.1,2.687,2023,5078731,306304,347265,36930867.0,14,91123.1,44.4,94.7,613676.0,324924.0,28.0,93684,57.5,5699,106145,55.8,9.2,16.7,44.8,0.86,0,10.8,8.6,1200.7,Not Committed,2050.0,2023,11,55.5,43.9,1,14,84.4,92.0,126.0,31.8,90.2,49.0,1,1,1,1.0,0,1,0,Limited,KPMG,1,1.7,2023,5.1,,7.4,2.0,4.4,,0,1,0,1,1,1,,,,,,Met,Met,6.5,1.9,Partial,2026-05-06
L'Oreal SA,OR.PA,FR0000120321,France,Consumer Discretionary,Personal Products,Beauty,Skincare & Cosmetics,38.7,2.008,2023,498865,48309,60892,6617707.0,3,67729.0,25.7,363.5,,,37.6,64113,59.4,1020,149430,27.7,4.4,3.7,12.4,3.49,2,36.1,65.2,204.5,Approved,,2023,8,48.6,31.0,0,7,88.5,79.0,103.0,19.9,75.9,88.0,1,1,1,0.0,250,1,1,Limited,Deloitte,1,3.4,2023,18.7,,23.2,0.1,16.2,,1,0,0,0,0,0,,Met,,,Met,Not Met,Met,21.4,0.1,Partial,2026-05-06
LVMH,MC.PA,FR0000121014,France,Consumer Discretionary,Luxury Goods,Fashion & Leather,Wines & Spirits,241.1,2.721,2023,4750015,459588,421984,24122583.0,7,41989.4,41.7,430.8,11991232.0,7231242.0,59.4,371815,47.6,29670,233785,58.5,-1.4,4.6,36.6,4.27,0,51.4,116.2,2933.5,Targets Set,2045.0,2023,14,80.0,26.9,1,7,88.1,75.2,269.0,13.6,98.6,55.0,1,1,1,0.0,0,1,1,Reasonable,,0,5.2,2023,21.8,4.9,17.8,0.5,23.7,4.7,0,1,1,0,0,0,Not Met,Met,Met,,,,Met,26.4,1.8,Partial,2026-05-06
Inditex,ITX.MC,ES0148396007,Spain,Consumer Discretionary,Retail,Apparel Retail,Fast Fashion,156.9,1.779,2023,6118793,52657,53309,45862504.0,7,60307.0,83.4,201.6,15123900.0,7516032.0,42.5,514755,67.9,26147,97914,42.5,16.9,8.9,58.1,0.83,0,17.0,217.2,1867.1,Committed,2045.0,2023,9,50.5,26.3,1,1,96.2,89.1,40.0,34.9,81.5,74.0,0,1,0,,100,0,0,Limited,EY,1,3.3,2023,14.0,3.6,11.4,,13.8,3.4,0,0,0,0,0,1,Not Met,Met,,Met,,,Met,15.1,1.2,Partial,2026-05-06
Adidas AG,ADS.DE,DE000A1EWWW0,Germany,Consumer Discretionary,Apparel & Footwear,Sportswear,Performance & Lifestyle,47.1,1.877,2023,6343937,164453,210527,24404015.0,8,61886.8,44.4,222.7,853749.0,380716.0,12.0,353951,80.7,20244,210990,61.6,0.8,4.9,15.5,3.49,0,38.1,182.1,1723.7,Approved,,2023,9,71.7,36.1,1,12,96.0,84.9,215.0,21.8,69.2,59.0,1,1,1,0.0,100,0,1,Reasonable,KPMG,1,0.4,2023,14.3,,17.9,,13.8,,0,1,0,0,0,0,Met,Not Met,,Not Met,,Met,Met,17.0,1.1,Full,2026-05-06
Pernod Ricard,RI.PA,FR0000120693,France,Consumer Staples,Food & Beverage,Spirits,Premium Spirits,175.8,1.554,2023,11287246,695663,873826,86438171.0,5,77462.1,31.3,308.1,17225114.0,11097246.0,61.4,412620,80.2,20494,17596,53.9,-1.5,17.3,54.7,3.22,1,12.7,185.9,9017.6,Not Committed,,2023,16,87.1,33.0,1,9,95.8,75.3,197.0,30.3,89.7,71.0,1,1,1,1.0,250,0,0,Reasonable,Bureau Veritas,1,6.7,2023,11.9,2.5,19.3,,11.0,2.4,1,1,0,1,1,0,Met,Met,,,,Not Met,Met,9.6,1.0,Full,2026-05-06
BASF SE,BAS.DE,DE000BASF111,Germany,Materials,Chemicals,Diversified Chemicals,Performance Products,16.9,0.186,2023,37673226,1568966,1698033,547553470.0,7,362376.9,55.7,25.9,24674944.0,12718755.0,42.7,196669,49.3,9060,135351,49.4,7.7,15.0,59.6,2.18,0,16.3,106.9,30035.6,Not Committed,,2023,12,84.4,44.4,0,2,75.3,90.6,26.0,30.2,76.0,79.0,1,1,1,,0,1,0,Limited,Deloitte,1,6.6,2023,34.0,9.6,40.4,6.6,31.6,8.1,1,1,0,0,0,0,,Met,,,,Met,Met,41.1,0.1,Partial,2026-05-06
Air Liquide,AI.PA,FR0000120073,France,Materials,Chemicals,Industrial Gases,Healthcare Gases,318.7,0.467,2023,4255926,112158,128763,17591085.0,9,273995.2,24.2,264.4,9130784.0,5775178.0,25.1,814465,27.4,49167,197269,63.0,18.9,6.9,13.1,0.35,1,41.8,87.1,6399.7,Committed,2045.0,2023,9,57.5,40.0,0,5,93.7,99.7,89.0,0.7,98.9,77.0,1,1,1,1.0,100,0,0,,PwC,1,5.5,2023,19.0,4.9,37.9,0.8,18.3,3.9,1,0,0,0,0,0,Met,,,Not Met,Not Met,Met,,15.6,0.2,Full,2026-05-06
ArcelorMittal,MT.AS,LU1598757687,Luxembourg,Materials,Metals & Mining,Steel,Flat & Long Steel,94.3,0.207,2023,33833794,132157,133604,432180088.0,7,114537.3,11.1,177.0,14991062.0,6922049.0,13.4,1749424,84.0,41937,141155,40.9,17.4,11.8,54.1,0.43,0,20.6,93.4,8871.4,Not Committed,2040.0,2023,18,83.3,33.0,1,13,94.0,92.4,146.0,5.1,98.3,64.0,1,0,1,1.0,0,1,1,Limited,PwC,1,6.9,2023,22.4,4.6,32.1,,22.6,4.3,1,1,1,1,1,0,,,,Not Met,,,,27.9,1.2,Full,2026-05-06
Holcim AG,HOLN.SW,CH0012214059,Switzerland,Materials,Construction Materials,Cement & Aggregates,Low-Carbon Building,233.6,2.264,2023,25250478,3514789,3427793,298482177.0,7,321883.7,15.3,268.7,35433813.0,20992977.0,52.6,464163,74.5,12242,123674,63.2,-3.4,17.7,35.8,3.85,1,55.4,246.9,7241.1,Targets Set,,2023,16,45.0,29.5,0,14,92.0,92.2,179.0,26.4,87.3,60.0,1,1,1,,100,0,1,,Bureau Veritas,0,3.8,2023,22.4,5.2,39.3,,22.6,4.3,0,0,0,0,0,1,Met,Met,,Met,,,Met,29.0,0.7,Minimal,2026-05-06
Volkswagen AG,VOW3.DE,DE0007664039,Germany,Consumer Discretionary,Automotive,Passenger Vehicles,EV Transition,112.5,1.169,2023,7220865,776416,842784,107490242.0,7,39963.7,15.2,104.6,11198221.0,6864910.0,42.2,467189,28.1,40907,260529,30.4,8.7,16.3,55.3,4.46,0,65.2,11.0,2739.5,Not Committed,,2023,16,45.8,28.8,1,5,93.9,98.5,267.0,6.5,69.4,78.0,1,1,1,0.0,100,1,0,,Deloitte,1,6.7,2023,22.6,,30.8,,19.2,,1,1,0,1,1,0,Met,Met,Not Met,,,Met,Met,21.4,1.8,Partial,2026-05-06
BMW AG,BMW.DE,DE0005190003,Germany,Consumer Discretionary,Automotive,Luxury Vehicles,Electric Mobility,184.4,1.829,2023,3311266,894192,931159,44042994.0,12,41526.0,17.2,713.5,22541080.0,9483695.0,37.0,454198,79.9,43217,243469,44.4,10.7,12.0,38.6,3.07,0,74.0,216.9,770.3,Committed,2045.0,2023,8,72.1,50.9,1,14,96.0,76.1,222.0,10.2,88.4,46.0,1,1,1,0.0,0,0,0,,EY,1,0.5,2023,18.9,6.2,12.8,1.1,18.0,4.7,1,0,0,0,0,0,Met,,Met,Met,Not Met,Met,Met,17.1,0.8,Partial,2026-05-06
Stellantis NV,STLAM.MI,NL00150001Q9,Netherlands,Consumer Discretionary,Automotive,Multi-Brand Vehicles,EV & Combustion,193.6,3.186,2023,1043802,867386,983149,9460007.0,12,79444.0,16.1,478.9,9642285.0,5155168.0,58.6,537941,76.5,23453,259713,35.8,14.3,16.6,43.1,2.06,2,26.0,145.1,253.0,Not Committed,,2023,18,61.4,32.3,1,8,86.8,87.0,,37.9,68.2,79.0,1,1,1,1.0,50,1,0,Reasonable,KPMG,1,2.6,2023,18.9,,19.4,0.3,17.5,,0,1,0,0,1,0,Met,Met,Met,,,Met,Met,22.4,0.3,Minimal,2026-05-06
Volvo AB,VOLV-B.ST,SE0000115446,Sweden,Industrials,Commercial Vehicles,Trucks & Buses,Electrified Transport,68.8,0.948,2023,6288307,33167,30882,87184759.0,5,15514.6,56.3,546.5,16033751.0,7275569.0,52.3,950561,53.7,32668,22063,46.6,14.5,17.8,37.2,2.95,2,23.4,110.2,2006.4,Approved,,2023,10,62.4,44.6,1,14,87.6,99.4,162.0,22.4,66.0,84.0,1,1,1,1.0,100,0,1,Reasonable,Deloitte,1,1.6,2023,37.3,1.4,56.2,,39.6,1.3,0,0,0,1,0,1,Met,Met,,,,,Met,34.6,1.4,Minimal,2026-05-06
Renault SA,RNO.PA,FR0000131906,France,Consumer Discretionary,Automotive,Passenger Vehicles,EV Transition,339.5,1.495,2023,9128792,554595,715293,96601302.0,3,43381.7,19.6,633.4,8838731.0,3759554.0,14.1,201227,58.4,13675,70642,31.5,5.9,14.2,53.2,2.72,0,18.4,181.6,2071.3,Committed,,2023,11,70.4,49.3,1,8,78.1,75.0,218.0,,93.0,72.0,1,1,1,1.0,0,0,0,Limited,PwC,1,1.4,2023,23.1,,15.5,,22.9,,0,0,0,0,0,0,,Met,,,Met,,Not Met,28.5,0.6,Partial,2026-05-06
Deutsche Telekom,DTE.DE,DE0005557508,Germany,Telecommunications,Telecom Services,Integrated Telco,Fixed & Mobile,272.4,2.669,2023,3777565,422716,547199,47215590.0,7,44292.2,32.7,403.8,1627915.0,1295794.0,23.7,174817,45.9,8179,93093,58.7,11.8,4.0,46.7,1.79,0,60.9,122.2,2648.5,Approved,2050.0,2023,14,53.6,43.4,0,14,84.6,91.0,173.0,22.3,72.1,91.0,1,1,1,,250,1,0,,Bureau Veritas,1,1.0,2023,5.7,,14.8,3.6,5.5,,0,1,1,0,0,0,Met,,Met,Met,,Met,Met,4.9,1.1,Minimal,2026-05-06
Orange SA,ORA.PA,FR0000133308,France,Telecommunications,Telecom Services,Integrated Telco,B2B Services,329.1,0.878,2023,355314,310259,365877,2948526.0,11,49750.7,76.7,78.7,,,19.9,44064,23.6,541,220215,58.9,9.4,9.0,36.1,0.39,1,66.5,218.5,354.0,Targets Set,2045.0,2023,17,54.5,50.8,1,7,91.1,87.6,161.0,22.1,77.9,83.0,1,1,1,0.0,50,1,0,Limited,Bureau Veritas,1,4.4,2023,11.9,,9.5,,9.9,,1,0,0,0,1,0,,Met,,,,Met,Met,10.3,1.4,Partial,2026-05-06
Vodafone Group,VOD.L,GB00BH4HKS39,UK,Telecommunications,Telecom Services,Mobile Networks,European Mobile,313.7,0.362,2023,830749,427781,476736,8655255.0,3,5977.5,42.9,434.3,1503925.0,1088766.0,49.6,246386,41.8,5927,185992,63.2,21.5,15.6,53.4,3.71,0,12.5,225.3,484.7,Approved,,2023,11,66.8,36.8,0,7,94.5,87.6,184.0,,98.1,50.0,1,1,1,1.0,0,0,0,Limited,KPMG,1,5.5,2023,7.5,1.4,10.5,,7.4,1.4,1,0,0,0,0,1,Met,,,Not Met,,,Met,9.7,1.8,Partial,2026-05-06
Vonovia SE,VNA.DE,DE000A1ML7J1,Germany,Real Estate,Residential REITs,Residential Property,German Residential,211.3,1.085,2023,628466,658913,674602,,5,6967.2,58.4,473.6,2166701.0,1087372.0,7.0,493387,72.2,36726,162601,31.2,10.9,6.5,22.3,1.74,2,84.9,106.0,830.3,Not Committed,2050.0,2023,9,78.9,53.7,1,12,80.4,90.9,40.0,,76.5,53.0,1,1,1,1.0,50,1,0,Limited,Bureau Veritas,1,4.0,2023,59.9,6.5,80.5,7.9,50.0,5.5,0,0,0,0,0,0,Met,Not Met,Met,Met,Not Met,,Not Met,68.1,1.6,Partial,2026-05-06
Gecina SA,GFC.PA,FR0010040865,France,Real Estate,Commercial REITs,Office & Residential,Paris Office Market,323.0,0.648,2023,3025453,301549,369554,38585402.0,6,75806.3,18.8,598.9,24650727.0,16580106.0,39.2,377922,20.3,26191,38954,49.9,8.2,15.5,17.9,3.7,1,14.2,69.9,1046.8,Targets Set,2050.0,2023,14,72.9,29.0,1,11,78.4,97.9,101.0,11.3,75.1,64.0,1,1,1,1.0,0,0,1,Limited,Bureau Veritas,1,1.0,2023,45.6,15.0,78.8,,41.1,10.8,1,0,0,1,0,0,Met,,,,Met,Not Met,Met,55.8,1.4,Partial,2026-05-06
Advanced Micro Devices Inc,AMD,US0079031078,US,Technology,Semiconductors,Fabless Semiconductors,Design of microprocessors and GPUs,195.4,1.8,2023,4800,28500,31200,1650000.0,12,0.42,78.0,0.18,95000.0,42000.0,15.0,1850,82.0,95,26000,24.0,1.5,9.2,38.0,0.08,0,68.0,12.5,1.98,Committed,2050.0,2023,10,90.0,30.0,1,5,100.0,100.0,380.0,15.0,91.0,75.0,1,1,1,1.0,0,1,1,1,PwC,0,2.5,2023,18.0,0.0,22.0,0.0,20.0,0.0,1,0,0,1,0,0,1,1,1,0,1,1,1,22.0,0.0,Partial,2026-05-06
